<?xml version="1.0" encoding="UTF-8"?>
<!DOCTYPE hibernate-configuration PUBLIC
	"-//Hibernate/Hibernate Configuration DTD 3.0//EN"
	"http://www.hibernate.org/dtd/hibernate-configuration-3.0.dtd">

<hibernate-configuration>
	<session-factory>
		<property name="hibernate.connection.url">jdbc:mysql:///sign_app?serverTimezone=Asia/Shanghai</property>
		<property name="hibernate.connection.driver_class">com.mysql.cj.jdbc.Driver</property>
		<property name="hibernate.connection.username">root</property>
		<property name="hibernate.connection.password">mysqlmima123</property>
		<property name="hibernate.dialect">org.hibernate.dialect.MySQL5Dialect</property>
		<property name="hibernate.show_sql">true</property>
		
		<property name="hibernate.hbm2ddl.auto">update</property>
		<!-- 
		<property name="hibernate.hbm2ddl.auto">create</property>
		<property name="hibernate.connection.autocommit">true</property>
		 -->

		<mapping class="user.bean.User" />
		<mapping class="user.bean.UserDetail" />
		<mapping class="user.bean.login.LoginLog" />
		<mapping class="app.bean.OpenAppLog" />
		<mapping class="mission.bean.Mission" />
		<mapping class="sign.bean.SignLog" />
		<mapping class="sign.bean.Image" />
		<mapping class="sign.bean.Record" />
		<mapping class="mission.bean.UserMission" />

	</session-factory>
</hibernate-configuration>
